timestamp,value,batch,source,note
2026-08-21 08:00:00,10.020,B-01,数字千分尺,首件复核
2026-08-21 08:20:00,10.050,B-01,数字千分尺,
2026-08-21 08:40:00,9.980,B-01,数字千分尺,
2026-08-21 09:00:00,10.070,B-01,数字千分尺,
2026-08-21 09:20:00,10.010,B-01,数字千分尺,
2026-08-21 09:40:00,9.950,B-01,数字千分尺,
2026-08-21 10:00:00,10.040,B-01,数字千分尺,
2026-08-21 10:20:00,10.080,B-01,数字千分尺,
2026-08-21 10:40:00,10.000,B-01,数字千分尺,
2026-08-21 11:00:00,10.030,B-01,数字千分尺,
2026-08-21 11:20:00,10.180,B-02,数字千分尺,刀补后观察
2026-08-21 11:40:00,10.210,B-02,数字千分尺,刀补后观察
2026-08-21 12:00:00,10.240,B-02,数字千分尺,刀补后观察
2026-08-21 12:20:00,10.270,B-02,数字千分尺,刀补后观察
2026-08-21 12:40:00,10.300,B-02,数字千分尺,刀补后观察
2026-08-21 13:00:00,10.330,B-02,数字千分尺,刀补后观察
2026-08-21 13:20:00,10.900,B-02,数字千分尺,演示特殊原因点
